bus_id,pg,qg,qmax,qmin,vg,mbase,status,pmax,pmin,pc1,pc2,qc1min,qc1max,qc2min,qc2max,ramp_agc,ramp_10,ramp_30,ramp_q,apf,mu_pmax,mu_pmin,mu_qmax,mu_qmin
1004,158.25,-30.38,44.94,-30.38,1.01,253.2,1,158.25,158.25,0,0,0,0,0,0,0,0,0,0,211,0,0,0,0
1006,25.73,-4.94,7.31,-4.94,1,41.16,1,25.73,25.73,0,0,0,0,0,0,0,0,0,0,34.3,0,0,0,0
1009,61.87,-11.88,17.57,-11.88,1,99,1,61.87,61.87,0,0,0,0,0,0,0,0,0,0,82.5,0,0,0,0
1011,9.97,0,0,0,1,12,1,10,3,0,0,0,0,0,0,0,0,0,0,10,0,0,0,0
1021,149.63,-28.73,42.49,-28.73,1,239.4,1,149.63,149.63,0,0,0,0,0,0,0,0,0,0,199.5,0,0,0,0
1023,135,-0.55,38.34,-25.92,1.01,216,1,135,135,0,0,0,0,0,0,0,0,0,0,180,0,0,0,0
1026,93.15,-6.13,26.45,-17.88,1,149.04,1,93.15,93.15,0,0,0,0,0,0,0,0,0,0,124.2,0,0,0,0
1033,208.5,-40.03,59.21,-40.03,1,333.6,1,208.5,208.5,0,0,0,0,0,0,0,0,0,0,278,0,0,0,0
1035,67.5,-9.15,19.17,-12.96,1,108,1,67.5,67.5,0,0,0,0,0,0,0,0,0,0,90,0,0,0,0
1039,110.63,-20.76,31.42,-21.24,1,177,1,110.63,110.63,0,0,0,0,0,0,0,0,0,0,147.5,0,0,0,0
1042,0,0,25.96,-17.55,1,146.28,0,121.9,36.57,0,0,0,0,0,0,0,0,0,0,121.9,0,0,0,0
1043,44.1,-3.61,12.52,-8.47,1,70.56,1,44.1,44.1,0,0,0,0,0,0,0,0,0,0,58.8,0,0,0,0
1048,0,0,165.53,-36.1,1,390.24,0,325.2,97.56,0,0,0,0,0,0,0,0,0,0,325.2,0,0,0,0
1049,0,0,165.53,-36.1,1,390.24,0,325.2,97.56,0,0,0,0,0,0,0,0,0,0,325.2,0,0,0,0
1050,89.15,-7.52,45.5,-9.92,1,107.28,1,89.4,26.82,0,0,0,0,0,0,0,0,0,0,89.4,0,0,0,0
1051,89.15,-5.5,45.5,-9.92,1,107.28,1,89.4,26.82,0,0,0,0,0,0,0,0,0,0,89.4,0,0,0,0
1052,89.15,-9.92,45.5,-9.92,1,107.28,1,89.4,26.82,0,0,0,0,0,0,0,0,0,0,89.4,0,0,0,0
1053,0,0,91.01,-19.85,1,214.56,0,178.8,53.64,0,0,0,0,0,0,0,0,0,0,178.8,0,0,0,0
1057,0,0,25.56,-17.28,1,144,0,120,36,0,0,0,0,0,0,0,0,0,0,120,0,0,0,0
1059,0,0,2.85,-0.62,1.04,6.72,0,5.6,1.68,0,0,0,0,0,0,0,0,0,0,5.6,0,0,0,0
1060,0,0,1.02,-0.22,1.04,2.4,0,2,0.6,0,0,0,0,0,0,0,0,0,0,2,0,0,0,0
1062,0,0,0,0,1.01,1.8,0,1.5,0.45,0,0,0,0,0,0,0,0,0,0,1.5,0,0,0,0
1063,0,0,0,0,1.01,276,0,230,69,0,0,0,0,0,0,0,0,0,0,230,0,0,0,0
1066,106.88,-3.74,30.35,-20.52,1,171,1,106.88,106.88,0,0,0,0,0,0,0,0,0,0,142.5,0,0,0,0
1070,120.38,18.58,34.19,-23.11,1.04,192.6,1,120.38,120.38,0,0,0,0,0,0,0,0,0,0,160.5,0,0,0,0
1072,191.6,25.79,97.8,-21.33,1.01,230.56,1,192.13,57.64,0,0,0,0,0,0,0,0,0,0,192.13,0,0,0,0
1073,191.6,32.88,97.8,-21.33,1.01,230.56,1,192.13,57.64,0,0,0,0,0,0,0,0,0,0,192.13,0,0,0,0
1074,191.6,29.18,97.8,-21.33,1.01,230.56,1,192.13,57.64,0,0,0,0,0,0,0,0,0,0,192.13,0,0,0,0
1075,191.6,30.03,97.8,-21.33,1.01,230.56,1,192.13,57.64,0,0,0,0,0,0,0,0,0,0,192.13,0,0,0,0
1076,0,0,97.8,-21.33,1.01,230.56,0,192.13,57.64,0,0,0,0,0,0,0,0,0,0,192.13,0,0,0,0
1077,0,0,97.8,-21.33,1.01,230.56,0,192.13,57.64,0,0,0,0,0,0,0,0,0,0,192.13,0,0,0,0
1078,95.24,15.89,48.61,-10.6,1.01,114.6,1,95.5,28.65,0,0,0,0,0,0,0,0,0,0,95.5,0,0,0,0
1079,95.24,-10.6,48.61,-10.6,1.01,114.6,1,95.5,28.65,0,0,0,0,0,0,0,0,0,0,95.5,0,0,0,0
1080,95.24,12.77,48.61,-10.6,1.01,114.6,1,95.5,28.65,0,0,0,0,0,0,0,0,0,0,95.5,0,0,0,0
1081,0,0,145.83,-31.8,1.01,343.8,0,286.5,85.95,0,0,0,0,0,0,0,0,0,0,286.5,0,0,0,0
1082,112.5,-21.6,31.95,-21.6,1,180,1,112.5,112.5,0,0,0,0,0,0,0,0,0,0,150,0,0,0,0
1084,86.62,24.6,24.6,-16.63,1.04,138.6,1,86.62,86.62,0,0,0,0,0,0,0,0,0,0,115.5,0,0,0,0
1088,56.25,-3.26,15.97,-10.8,1,90,1,56.25,56.25,0,0,0,0,0,0,0,0,0,0,75,0,0,0,0
1090,114.37,23.48,32.48,-21.96,1.02,183,1,114.37,114.37,0,0,0,0,0,0,0,0,0,0,152.5,0,0,0,0
1090,27,7.67,7.67,-5.18,1.02,43.2,1,27,27,0,0,0,0,0,0,0,0,0,0,36,0,0,0,0
2004,0,0,199.43,-43.49,1.02,470.16,0,391.8,117.54,0,0,0,0,0,0,0,0,0,0,391.8,0,0,0,0
2005,0,0,199.43,-43.49,1.02,470.16,0,391.8,117.54,0,0,0,0,0,0,0,0,0,0,391.8,0,0,0,0
2006,0,0,199.43,-43.49,1.02,470.16,0,391.8,117.54,0,0,0,0,0,0,0,0,0,0,391.8,0,0,0,0
2013,150.45,-28.89,42.73,-28.89,1,240.72,1,150.45,150.45,0,0,0,0,0,0,0,0,0,0,200.6,0,0,0,0
2019,0,0,46.43,-31.39,1.04,261.6,0,218,65.4,0,0,0,0,0,0,0,0,0,0,218,0,0,0,0
2023,83.1,15.44,42.42,-9.25,1.02,100,1,83.33,25,0,0,0,0,0,0,0,0,0,0,83.33,0,0,0,0
2024,166.21,22.7,84.83,-18.5,1.02,200,1,166.67,50,0,0,0,0,0,0,0,0,0,0,166.67,0,0,0,0
2042,59.7,-11.46,16.95,-11.46,1.01,95.52,1,59.7,59.7,0,0,0,0,0,0,0,0,0,0,79.6,0,0,0,0
2056,0,0,2.8,-0.73,0.99,7.2,0,6,1.8,0,0,0,0,0,0,0,0,0,0,6,0,0,0,0
2057,573.59,-57.99,335.52,-87.84,0.99,864,1,720,216,0,0,0,0,0,0,0,0,0,0,720,0,0,0,0
2059,60,-11.52,17.04,-11.52,1,96,1,60,60,0,0,0,0,0,0,0,0,0,0,80,0,0,0,0
2062,101.55,-12.3,28.84,-19.5,1.02,162.48,1,101.55,101.55,0,0,0,0,0,0,0,0,0,0,135.4,0,0,0,0
2071,112.5,-2.46,31.95,-21.6,1,180,1,112.5,112.5,0,0,0,0,0,0,0,0,0,0,150,0,0,0,0
2076,22.5,6.39,6.39,-4.32,1.04,36,1,22.5,22.5,0,0,0,0,0,0,0,0,0,0,30,0,0,0,0
2078,84.38,-4.82,23.96,-16.2,1.02,135,1,84.38,84.38,0,0,0,0,0,0,0,0,0,0,112.5,0,0,0,0
2083,19.94,10.07,10.18,-2.22,1.02,24,1,20,6,0,0,0,0,0,0,0,0,0,0,20,0,0,0,0
2084,0,0,10.18,-2.22,1.02,24,0,20,6,0,0,0,0,0,0,0,0,0,0,20,0,0,0,0
2085,0,0,20.36,-4.44,1.02,48,0,40,12,0,0,0,0,0,0,0,0,0,0,40,0,0,0,0
2089,50.7,-0.29,14.4,-9.73,1,81.12,1,50.7,50.7,0,0,0,0,0,0,0,0,0,0,67.6,0,0,0,0
2094,0,0,2.13,-1.44,1,12,0,10,3,0,0,0,0,0,0,0,0,0,0,10,0,0,0,0
2095,0,0,16.93,-11.45,1,95.4,0,79.5,23.85,0,0,0,0,0,0,0,0,0,0,79.5,0,0,0,0
2099,7.5,-1.44,2.13,-1.44,1.02,12,1,7.5,7.5,0,0,0,0,0,0,0,0,0,0,10,0,0,0,0
2100,112.5,-21.6,31.95,-21.6,1.02,180,1,112.5,112.5,0,0,0,0,0,0,0,0,0,0,150,0,0,0,0
2103,0,0,136.28,-29.72,1,321.28,0,267.73,80.32,0,0,0,0,0,0,0,0,0,0,267.73,0,0,0,0
2104,0,0,136.28,-29.72,1,321.28,0,267.73,80.32,0,0,0,0,0,0,0,0,0,0,267.73,0,0,0,0
2105,0,0,136.28,-29.72,1,321.28,0,267.73,80.32,0,0,0,0,0,0,0,0,0,0,267.73,0,0,0,0
2115,184.21,-20.5,94.02,-20.5,1,221.66,1,184.72,55.41,0,0,0,0,0,0,0,0,0,0,184.72,0,0,0,0
2116,184.21,-20.5,94.02,-20.5,1,221.66,1,184.72,55.41,0,0,0,0,0,0,0,0,0,0,184.72,0,0,0,0
2117,184.21,-20.5,94.02,-20.5,1,221.66,1,184.72,55.41,0,0,0,0,0,0,0,0,0,0,184.72,0,0,0,0
2118,184.21,-20.5,94.02,-20.5,1,221.66,1,184.72,55.41,0,0,0,0,0,0,0,0,0,0,184.72,0,0,0,0
2119,184.21,-20.5,94.02,-20.5,1,221.66,1,184.72,55.41,0,0,0,0,0,0,0,0,0,0,184.72,0,0,0,0
2120,184.21,-4.83,94.02,-20.5,1.01,221.66,1,184.72,55.41,0,0,0,0,0,0,0,0,0,0,184.72,0,0,0,0
2123,136.28,-26.16,38.7,-26.16,1,218.04,1,136.28,136.28,0,0,0,0,0,0,0,0,0,0,181.7,0,0,0,0
2127,216.45,-1,61.47,-41.56,1.04,346.32,1,216.45,216.45,0,0,0,0,0,0,0,0,0,0,288.6,0,0,0,0
3004,28.13,-5.4,7.99,-5.4,1,45,1,28.13,28.13,0,0,0,0,0,0,0,0,0,0,37.5,0,0,0,0
3017,127.13,-0.17,36.1,-24.41,1.01,203.4,1,127.13,127.13,0,0,0,0,0,0,0,0,0,0,169.5,0,0,0,0
3020,112.5,1.34,31.95,-21.6,1.03,180,1,112.5,112.5,0,0,0,0,0,0,0,0,0,0,150,0,0,0,0
3028,150,36.96,42.6,-28.8,1.04,240,1,150,150,0,0,0,0,0,0,0,0,0,0,200,0,0,0,0
3034,97.87,17.14,27.8,-18.79,1.03,156.6,1,97.87,97.87,0,0,0,0,0,0,0,0,0,0,130.5,0,0,0,0
3039,156.75,43.36,44.52,-30.1,1.04,250.8,1,156.75,156.75,0,0,0,0,0,0,0,0,0,0,209,0,0,0,0
3043,0,0,0.66,-0.14,1.04,1.56,0,1.3,0.39,0,0,0,0,0,0,0,0,0,0,1.3,0,0,0,0
3044,0,0,45.5,-9.92,1.04,107.28,0,89.4,26.82,0,0,0,0,0,0,0,0,0,0,89.4,0,0,0,0
3045,0,0,227.52,-49.62,1.04,536.4,0,447,134.1,0,0,0,0,0,0,0,0,0,0,447,0,0,0,0
3048,180.75,51.33,51.33,-34.7,1.04,289.2,1,180.75,180.75,0,0,0,0,0,0,0,0,0,0,241,0,0,0,0
3055,183.88,35.81,52.22,-35.3,1.04,294.2,1,183.88,183.88,0,0,0,0,0,0,0,0,0,0,245.17,0,0,0,0
3056,183.88,24.15,52.22,-35.3,1.04,294.2,1,183.88,183.88,0,0,0,0,0,0,0,0,0,0,245.17,0,0,0,0
3057,183.88,22.53,52.22,-35.3,1.04,294.2,1,183.88,183.88,0,0,0,0,0,0,0,0,0,0,245.17,0,0,0,0
3060,124.22,13.18,35.28,-23.85,1.04,198.75,1,124.22,124.22,0,0,0,0,0,0,0,0,0,0,165.63,0,0,0,0
3061,124.22,13.94,35.28,-23.85,1.04,198.75,1,124.22,124.22,0,0,0,0,0,0,0,0,0,0,165.63,0,0,0,0
3062,124.22,19.46,35.28,-23.85,1.04,198.75,1,124.22,124.22,0,0,0,0,0,0,0,0,0,0,165.63,0,0,0,0
3063,124.22,14.87,35.28,-23.85,1.04,198.75,1,124.22,124.22,0,0,0,0,0,0,0,0,0,0,165.63,0,0,0,0
3065,60.37,-11.59,17.15,-11.59,1,96.6,1,60.37,60.37,0,0,0,0,0,0,0,0,0,0,80.5,0,0,0,0
3068,112.5,25.59,31.95,-21.6,1.04,180,1,112.5,112.5,0,0,0,0,0,0,0,0,0,0,150,0,0,0,0
3071,127.65,-24.51,36.25,-24.51,1,204.24,1,127.65,127.65,0,0,0,0,0,0,0,0,0,0,170.2,0,0,0,0
3074,74.85,-7.14,21.26,-14.37,1,119.76,1,74.85,74.85,0,0,0,0,0,0,0,0,0,0,99.8,0,0,0,0
3081,186.75,33.97,53.04,-35.86,1.04,298.8,1,186.75,186.75,0,0,0,0,0,0,0,0,0,0,249,0,0,0,0
3084,174.37,-8.93,49.52,-33.48,1,279,1,174.37,174.37,0,0,0,0,0,0,0,0,0,0,232.5,0,0,0,0
3086,56.25,-1.69,15.97,-10.8,1,90,1,56.25,56.25,0,0,0,0,0,0,0,0,0,0,75,0,0,0,0
3087,0,0,15.97,-10.8,1,90,0,75,22.5,0,0,0,0,0,0,0,0,0,0,75,0,0,0,0
3092,150,18.47,42.6,-28.8,1.04,240,1,150,150,0,0,0,0,0,0,0,0,0,0,200,0,0,0,0
3095,90.45,19.62,25.69,-17.37,1.04,144.72,1,90.45,90.45,0,0,0,0,0,0,0,0,0,0,120.6,0,0,0,0
3098,120,17.91,34.08,-23.04,1.04,192,1,120,120,0,0,0,0,0,0,0,0,0,0,160,0,0,0,0
3105,44.5,-0.74,17.07,-0.74,1,18,1,44.5,44.5,0,0,0,0,0,0,0,0,0,0,15,0,0,0,0
3106,53.02,-2.69,62.48,-2.69,1,65.88,1,53.02,53.02,0,0,0,0,0,0,0,0,0,0,54.9,0,0,0,0
3110,63,11.92,17.89,-12.1,1.04,100.8,1,63,63,0,0,0,0,0,0,0,0,0,0,84,0,0,0,0
3112,56.1,-3.04,15.93,-10.77,1,89.76,1,56.1,56.1,0,0,0,0,0,0,0,0,0,0,74.8,0,0,0,0
3113,56.1,-2.35,15.93,-10.77,1,89.76,1,56.1,56.1,0,0,0,0,0,0,0,0,0,0,74.8,0,0,0,0
3117,47.25,-5.09,13.42,-9.07,1,75.6,1,47.25,47.25,0,0,0,0,0,0,0,0,0,0,63,0,0,0,0
3118,90,-8.53,25.56,-17.28,1,144,1,90,90,0,0,0,0,0,0,0,0,0,0,120,0,0,0,0
3120,29.7,0,0,0,1,47.52,1,29.7,29.7,0,0,0,0,0,0,0,0,0,0,39.6,0,0,0,0
3122,147.75,-13.3,41.96,-28.37,1,236.4,1,147.75,147.75,0,0,0,0,0,0,0,0,0,0,197,0,0,0,0
3127,101.25,-19.44,28.76,-19.44,1,162,1,101.25,101.25,0,0,0,0,0,0,0,0,0,0,135,0,0,0,0
3129,94.88,-18.22,26.94,-18.22,1,151.8,1,94.88,94.88,0,0,0,0,0,0,0,0,0,0,126.5,0,0,0,0
3131,85.5,22.85,24.28,-16.42,1.02,136.8,1,85.5,85.5,0,0,0,0,0,0,0,0,0,0,114,0,0,0,0
3133,0,0,26.11,-5.69,1.04,61.56,0,51.3,15.39,0,0,0,0,0,0,0,0,0,0,51.3,0,0,0,0
3133,0,0,26.11,-5.69,1.04,61.56,0,51.3,15.39,0,0,0,0,0,0,0,0,0,0,51.3,0,0,0,0
3133,0,0,26.11,-5.69,1.04,61.56,0,51.3,15.39,0,0,0,0,0,0,0,0,0,0,51.3,0,0,0,0
3137,75.9,21.56,21.56,-14.57,1.03,121.44,1,75.9,75.9,0,0,0,0,0,0,0,0,0,0,101.2,0,0,0,0
3141,68.62,-13.18,19.49,-13.18,1,109.8,1,68.62,68.62,0,0,0,0,0,0,0,0,0,0,91.5,0,0,0,0
4010,151.2,11.42,42.94,-29.03,1.03,241.92,1,151.2,151.2,0,0,0,0,0,0,0,0,0,0,201.6,0,0,0,0
4026,408.86,44.49,191.06,-50.02,1.03,492,1,410,123,0,0,0,0,0,0,0,0,0,0,410,0,0,0,0
4030,460.57,-34.65,290.04,-75.93,1.01,746.88,1,622.4,186.72,0,0,0,0,0,0,0,0,0,0,622.4,0,0,0,0
4045,93.4,7.47,35.86,-1.54,1.02,37.8,1,93.4,93.4,0,0,0,0,0,0,0,0,0,0,31.5,0,0,0,0
4046,28.5,1.96,10.94,-0.47,1.02,11.52,1,28.5,28.5,0,0,0,0,0,0,0,0,0,0,9.6,0,0,0,0
4047,27.48,3.41,75.1,-3.23,1.02,79.2,1,27.48,27.48,0,0,0,0,0,0,0,0,0,0,66,0,0,0,0
4050,150,-21.93,42.6,-28.8,1,240,1,150,150,0,0,0,0,0,0,0,0,0,0,200,0,0,0,0
4052,44.08,22.5,22.5,-4.91,1.04,53.04,1,44.2,13.26,0,0,0,0,0,0,0,0,0,0,44.2,0,0,0,0
4058,99.6,17.45,73.3,-15.98,1.03,172.8,1,144,43.2,0,0,0,0,0,0,0,0,0,0,144,0,0,0,0
4059,84.08,18.42,73.3,-15.98,1.03,172.8,1,144,43.2,0,0,0,0,0,0,0,0,0,0,144,0,0,0,0
4060,124.4,14.84,73.3,-15.98,1.03,172.8,1,144,43.2,0,0,0,0,0,0,0,0,0,0,144,0,0,0,0
4061,148.88,19.5,87.72,-19.13,1.03,206.8,1,172.33,51.7,0,0,0,0,0,0,0,0,0,0,172.33,0,0,0,0
4062,171.85,17.02,87.72,-19.13,1.03,206.8,1,172.33,51.7,0,0,0,0,0,0,0,0,0,0,172.33,0,0,0,0
4063,124.75,19.69,87.72,-19.13,1.03,206.8,1,172.33,51.7,0,0,0,0,0,0,0,0,0,0,172.33,0,0,0,0
4065,46.87,13.41,23.92,-5.22,1.02,56.4,1,47,14.1,0,0,0,0,0,0,0,0,0,0,47,0,0,0,0
4075,0,0,89.75,-19.57,1.03,211.6,0,176.33,52.9,0,0,0,0,0,0,0,0,0,0,176.33,0,0,0,0
4076,175.84,23.56,89.75,-19.57,1.03,211.6,1,176.33,52.9,0,0,0,0,0,0,0,0,0,0,176.33,0,0,0,0
4077,97.06,17.97,89.75,-19.57,1.03,211.6,1,176.33,52.9,0,0,0,0,0,0,0,0,0,0,176.33,0,0,0,0
4082,242.73,29.65,123.89,-27.02,1.04,292.08,1,243.4,73.02,0,0,0,0,0,0,0,0,0,0,243.4,0,0,0,0
4083,242.73,30.42,123.89,-27.02,1.04,292.08,1,243.4,73.02,0,0,0,0,0,0,0,0,0,0,243.4,0,0,0,0
4084,242.73,46.21,123.89,-27.02,1.04,292.08,1,243.4,73.02,0,0,0,0,0,0,0,0,0,0,243.4,0,0,0,0
4085,168.05,48.8,179.17,-39.07,1.04,422.4,1,352,105.6,0,0,0,0,0,0,0,0,0,0,352,0,0,0,0
4090,0,0,0.65,-0.17,1.01,1.68,0,1.4,0.42,0,0,0,0,0,0,0,0,0,0,1.4,0,0,0,0
4091,23.43,2.45,10.95,-2.87,1.01,28.2,1,23.5,7.05,0,0,0,0,0,0,0,0,0,0,23.5,0,0,0,0
4092,0,0,3.54,-0.93,1.01,9.12,0,7.6,2.28,0,0,0,0,0,0,0,0,0,0,7.6,0,0,0,0
4093,27.92,1.3,13.05,-3.42,1.01,33.6,1,28,8.4,0,0,0,0,0,0,0,0,0,0,28,0,0,0,0
4094,27.92,4.86,13.05,-3.42,1.01,33.6,1,28,8.4,0,0,0,0,0,0,0,0,0,0,28,0,0,0,0
4095,27.92,2.14,13.05,-3.42,1.01,33.6,1,28,8.4,0,0,0,0,0,0,0,0,0,0,28,0,0,0,0
4096,0,0,13.05,-3.42,1.01,33.6,0,28,8.4,0,0,0,0,0,0,0,0,0,0,28,0,0,0,0
4097,27.92,1.87,13.05,-3.42,1.01,33.6,1,28,8.4,0,0,0,0,0,0,0,0,0,0,28,0,0,0,0
4098,0,0,13.05,-3.42,1.01,33.6,0,28,8.4,0,0,0,0,0,0,0,0,0,0,28,0,0,0,0
4105,135,23.76,38.34,-25.92,1.01,216,1,135,135,0,0,0,0,0,0,0,0,0,0,180,0,0,0,0
4115,131.43,28.4,67.09,-14.63,1.04,158.16,1,131.8,39.54,0,0,0,0,0,0,0,0,0,0,131.8,0,0,0,0
4116,123.76,25.71,67.09,-14.63,1.04,158.16,1,131.8,39.54,0,0,0,0,0,0,0,0,0,0,131.8,0,0,0,0
4133,0,0,17.1,-3.73,1,40.32,0,33.6,10.08,0,0,0,0,0,0,0,0,0,0,33.6,0,0,0,0
4134,10.21,-3.73,17.1,-3.73,1,40.32,1,33.6,10.08,0,0,0,0,0,0,0,0,0,0,33.6,0,0,0,0
4135,10.21,-3.73,17.1,-3.73,1,40.32,1,33.6,10.08,0,0,0,0,0,0,0,0,0,0,33.6,0,0,0,0
4136,10.21,-3.73,17.1,-3.73,1,40.32,1,33.6,10.08,0,0,0,0,0,0,0,0,0,0,33.6,0,0,0,0
4137,0,0,34.2,-7.46,1,80.64,0,67.2,20.16,0,0,0,0,0,0,0,0,0,0,67.2,0,0,0,0
4138,0,0,33.59,-7.33,1,79.2,0,66,19.8,0,0,0,0,0,0,0,0,0,0,66,0,0,0,0
4142,141,27.34,40.04,-27.07,1.04,225.6,1,141,141,0,0,0,0,0,0,0,0,0,0,188,0,0,0,0
4153,212.4,60.32,60.32,-40.78,1.04,339.84,1,212.4,212.4,0,0,0,0,0,0,0,0,0,0,283.2,0,0,0,0
4160,197.22,64.86,100.66,-21.95,1.03,237.32,1,197.77,59.33,0,0,0,0,0,0,0,0,0,0,197.77,0,0,0,0
4161,87.79,27.19,100.66,-21.95,1.03,237.32,1,197.77,59.33,0,0,0,0,0,0,0,0,0,0,197.77,0,0,0,0
4162,112.47,26.13,100.66,-21.95,1.03,237.32,1,197.77,59.33,0,0,0,0,0,0,0,0,0,0,197.77,0,0,0,0
4163,0,0,4.58,-1,1.03,10.8,0,9,2.7,0,0,0,0,0,0,0,0,0,0,9,0,0,0,0
4166,150.75,-28.94,42.81,-28.94,1,241.2,1,150.75,150.75,0,0,0,0,0,0,0,0,0,0,201,0,0,0,0
4177,112.5,-0.14,31.95,-21.6,1.04,180,1,112.5,112.5,0,0,0,0,0,0,0,0,0,0,150,0,0,0,0
4181,150.07,42.62,42.62,-28.81,1.04,240.12,1,150.07,150.07,0,0,0,0,0,0,0,0,0,0,200.1,0,0,0,0
4183,152.25,43.24,43.24,-29.23,1.03,243.6,1,152.25,152.25,0,0,0,0,0,0,0,0,0,0,203,0,0,0,0
4192,74.79,17.91,38.17,-8.33,1.02,90,1,75,22.5,0,0,0,0,0,0,0,0,0,0,75,0,0,0,0
4192,183.26,17.91,93.54,-20.4,1.02,220.52,1,183.77,55.13,0,0,0,0,0,0,0,0,0,0,183.77,0,0,0,0
4192,0,0,12.22,-2.66,1.02,28.8,0,24,7.2,0,0,0,0,0,0,0,0,0,0,24,0,0,0,0
4192,60.83,17.91,31.05,-6.77,1.02,73.2,1,61,18.3,0,0,0,0,0,0,0,0,0,0,61,0,0,0,0
4192,10.37,5.29,5.29,-1.15,1.02,12.48,1,10.4,3.12,0,0,0,0,0,0,0,0,0,0,10.4,0,0,0,0
4192,136.48,17.91,135.9,-29.64,1.02,320.4,1,267,80.1,0,0,0,0,0,0,0,0,0,0,267,0,0,0,0
4192,155.9,17.91,135.9,-29.64,1.02,320.4,1,267,80.1,0,0,0,0,0,0,0,0,0,0,267,0,0,0,0
4192,155.9,17.91,135.9,-29.64,1.02,320.4,1,267,80.1,0,0,0,0,0,0,0,0,0,0,267,0,0,0,0
4192,183.26,17.91,93.54,-20.4,1.02,220.52,1,183.77,55.13,0,0,0,0,0,0,0,0,0,0,183.77,0,0,0,0
4192,183.26,17.91,93.54,-20.4,1.02,220.52,1,183.77,55.13,0,0,0,0,0,0,0,0,0,0,183.77,0,0,0,0
4194,151.2,42.94,42.94,-29.03,1.02,241.92,1,151.2,151.2,0,0,0,0,0,0,0,0,0,0,201.6,0,0,0,0
4195,69,-13.25,19.6,-13.25,1,110.4,1,69,69,0,0,0,0,0,0,0,0,0,0,92,0,0,0,0
5020,90,-16.77,25.56,-17.28,1,144,1,90,90,0,0,0,0,0,0,0,0,0,0,120,0,0,0,0
5023,0,0,2.44,-0.53,1.04,5.76,0,4.8,1.44,0,0,0,0,0,0,0,0,0,0,4.8,0,0,0,0
5035,0,0,2.14,-0.47,1.02,5.04,0,4.2,1.26,0,0,0,0,0,0,0,0,0,0,4.2,0,0,0,0
5036,0,0,3.26,-0.71,1.02,7.68,0,6.4,1.92,0,0,0,0,0,0,0,0,0,0,6.4,0,0,0,0
5037,93.74,67.41,157.01,-34.24,1.02,370.16,1,308.47,92.54,0,0,0,0,0,0,0,0,0,0,308.47,0,0,0,0
5038,93.74,65.5,157.01,-34.24,1.02,370.16,1,308.47,92.54,0,0,0,0,0,0,0,0,0,0,308.47,0,0,0,0
5039,93.74,148.79,157.01,-34.24,1.02,370.16,1,308.47,92.54,0,0,0,0,0,0,0,0,0,0,308.47,0,0,0,0
5040,93.74,49.29,157.01,-34.24,1.02,370.16,1,308.47,92.54,0,0,0,0,0,0,0,0,0,0,308.47,0,0,0,0
5041,93.74,71.22,157.01,-34.24,1.02,370.16,1,308.47,92.54,0,0,0,0,0,0,0,0,0,0,308.47,0,0,0,0
5042,93.74,61.19,157.01,-34.24,1.02,370.16,1,308.47,92.54,0,0,0,0,0,0,0,0,0,0,308.47,0,0,0,0
5051,84.47,43.11,43.11,-9.4,1.02,101.64,1,84.7,25.41,0,0,0,0,0,0,0,0,0,0,84.7,0,0,0,0
5057,0,0,161.53,-35.23,1,380.82,0,317.35,95.2,0,0,0,0,0,0,0,0,0,0,317.35,0,0,0,0
5058,251.17,-19.5,161.53,-35.23,1,380.82,1,317.35,95.2,0,0,0,0,0,0,0,0,0,0,317.35,0,0,0,0
5065,10.57,5.4,5.4,-1.18,1.03,12.72,1,10.6,3.18,0,0,0,0,0,0,0,0,0,0,10.6,0,0,0,0
5066,0,0,0.92,-0.2,1.03,2.16,0,1.8,0.54,0,0,0,0,0,0,0,0,0,0,1.8,0,0,0,0
5067,437.06,182.7,223.08,-48.65,1.03,525.92,1,438.27,131.48,0,0,0,0,0,0,0,0,0,0,438.27,0,0,0,0
5068,437.06,172.57,223.08,-48.65,1.03,525.92,1,438.27,131.48,0,0,0,0,0,0,0,0,0,0,438.27,0,0,0,0
5069,437.06,162.04,223.08,-48.65,1.03,525.92,1,438.27,131.48,0,0,0,0,0,0,0,0,0,0,438.27,0,0,0,0
5089,0,0,47.57,-2.05,1.01,50.16,0,123.9,0,0,0,0,0,0,0,0,0,0,0,41.8,0,0,0,0
5106,0,0,5.03,-1.32,1.04,12.96,0,10.8,3.24,0,0,0,0,0,0,0,0,0,0,10.8,0,0,0,0
5107,0,0,2.66,-0.7,1.04,6.84,0,5.7,1.71,0,0,0,0,0,0,0,0,0,0,5.7,0,0,0,0
5166,126.15,64.39,64.39,-14.04,1.04,151.8,1,126.5,37.95,0,0,0,0,0,0,0,0,0,0,126.5,0,0,0,0
5167,1.6,0.81,0.81,-0.18,1.04,1.92,1,1.6,0.48,0,0,0,0,0,0,0,0,0,0,1.6,0,0,0,0
5170,45,-8.64,12.78,-8.64,1,72,1,45,45,0,0,0,0,0,0,0,0,0,0,60,0,0,0,0
5198,112.5,-21.6,31.95,-21.6,1,180,1,112.5,112.5,0,0,0,0,0,0,0,0,0,0,150,0,0,0,0
5206,207.11,30.67,126.57,-27.6,1.01,298.4,1,248.67,74.6,0,0,0,0,0,0,0,0,0,0,248.67,0,0,0,0
5207,180.01,54.69,126.57,-27.6,1.01,298.4,1,248.67,74.6,0,0,0,0,0,0,0,0,0,0,248.67,0,0,0,0
5208,180.01,43.85,126.57,-27.6,1.01,298.4,1,248.67,74.6,0,0,0,0,0,0,0,0,0,0,248.67,0,0,0,0
5238,168.75,-32.4,47.93,-32.4,1,270,1,168.75,168.75,0,0,0,0,0,0,0,0,0,0,225,0,0,0,0
5243,112.5,-21.6,31.95,-21.6,1,180,1,112.5,112.5,0,0,0,0,0,0,0,0,0,0,150,0,0,0,0
5262,1211.6,43,447.12,-99.63,1.01,1458,1,1215,364.5,0,0,0,0,0,0,0,0,0,0,1215,0,0,0,0
5263,1024,32.88,447.12,-99.63,1.01,1458,1,1215,364.5,0,0,0,0,0,0,0,0,0,0,1215,0,0,0,0
5281,266.99,-29.72,136.28,-29.72,1,321.28,1,267.73,80.32,0,0,0,0,0,0,0,0,0,0,267.73,0,0,0,0
5282,266.99,-29.72,136.28,-29.72,1,321.28,1,267.73,80.32,0,0,0,0,0,0,0,0,0,0,267.73,0,0,0,0
5283,0,0,136.28,-29.72,1,321.28,0,267.73,80.32,0,0,0,0,0,0,0,0,0,0,267.73,0,0,0,0
5297,0,0,1.63,-0.36,1.04,3.84,0,3.2,0.96,0,0,0,0,0,0,0,0,0,0,3.2,0,0,0,0
5298,114.68,58.53,58.53,-12.76,1.04,138,1,115,34.5,0,0,0,0,0,0,0,0,0,0,115,0,0,0,0
5299,114.68,58.53,58.53,-12.76,1.04,138,1,115,34.5,0,0,0,0,0,0,0,0,0,0,115,0,0,0,0
5300,114.68,58.53,58.53,-12.76,1.04,138,1,115,34.5,0,0,0,0,0,0,0,0,0,0,115,0,0,0,0
5301,82.47,42.09,42.09,-9.18,1.04,99.24,1,82.7,24.81,0,0,0,0,0,0,0,0,0,0,82.7,0,0,0,0
5302,462.46,167.57,236.05,-51.48,1.04,556.5,1,463.75,139.13,0,0,0,0,0,0,0,0,0,0,463.75,0,0,0,0
5303,462.46,218.7,236.05,-51.48,1.04,556.5,1,463.75,139.13,0,0,0,0,0,0,0,0,0,0,463.75,0,0,0,0
5319,79.87,4.91,133.77,-29.17,1.01,315.36,1,262.8,78.84,0,0,0,0,0,0,0,0,0,0,262.8,0,0,0,0
5320,0,0,133.77,-29.17,1.01,315.36,0,262.8,78.84,0,0,0,0,0,0,0,0,0,0,262.8,0,0,0,0
5321,79.87,4.99,133.77,-29.17,1.01,315.36,1,262.8,78.84,0,0,0,0,0,0,0,0,0,0,262.8,0,0,0,0
5324,283.28,144.59,144.59,-31.53,1.04,340.88,1,284.07,85.22,0,0,0,0,0,0,0,0,0,0,284.07,0,0,0,0
5325,283.28,144.59,144.59,-31.53,1.04,340.88,1,284.07,85.22,0,0,0,0,0,0,0,0,0,0,284.07,0,0,0,0
5326,283.28,144.59,144.59,-31.53,1.04,340.88,1,284.07,85.22,0,0,0,0,0,0,0,0,0,0,284.07,0,0,0,0
5342,8.4,3.2,3.2,-0.14,1.04,3.36,1,8.4,8.4,0,0,0,0,0,0,0,0,0,0,2.8,0,0,0,0
5343,207.5,60.28,79.67,-3.43,1.04,84,1,207.5,207.5,0,0,0,0,0,0,0,0,0,0,70,0,0,0,0
5360,1005.2,-38.58,469.73,-122.98,1.01,1209.6,1,1008,302.4,0,0,0,0,0,0,0,0,0,0,1008,0,0,0,0
5363,10.37,-1.15,5.29,-1.15,1,12.48,1,10.4,3.12,0,0,0,0,0,0,0,0,0,0,10.4,0,0,0,0
5364,212.74,-23.68,108.59,-23.68,1,256,1,213.33,64,0,0,0,0,0,0,0,0,0,0,213.33,0,0,0,0
5365,212.74,-12.23,108.59,-23.68,1,256,1,213.33,64,0,0,0,0,0,0,0,0,0,0,213.33,0,0,0,0
5366,212.74,-10.74,108.59,-23.68,1,256,1,213.33,64,0,0,0,0,0,0,0,0,0,0,213.33,0,0,0,0
5367,212.74,-10.68,108.59,-23.68,1,256,1,213.33,64,0,0,0,0,0,0,0,0,0,0,213.33,0,0,0,0
5368,212.74,-18.86,108.59,-23.68,1,256,1,213.33,64,0,0,0,0,0,0,0,0,0,0,213.33,0,0,0,0
5369,212.74,-9.95,108.59,-23.68,1,256,1,213.33,64,0,0,0,0,0,0,0,0,0,0,213.33,0,0,0,0
5382,63.52,106.38,106.38,-23.2,1.04,250.8,1,209,62.7,0,0,0,0,0,0,0,0,0,0,209,0,0,0,0
5383,63.52,106.38,106.38,-23.2,1.04,250.8,1,209,62.7,0,0,0,0,0,0,0,0,0,0,209,0,0,0,0
5399,124.2,35.27,35.27,-23.85,1.04,198.72,1,124.2,124.2,0,0,0,0,0,0,0,0,0,0,165.6,0,0,0,0
5403,89.15,45.5,45.5,-9.92,1.03,107.28,1,89.4,26.82,0,0,0,0,0,0,0,0,0,0,89.4,0,0,0,0
5404,77.23,45.5,45.5,-9.92,1.03,107.28,1,89.4,26.82,0,0,0,0,0,0,0,0,0,0,89.4,0,0,0,0
5405,84.77,45.5,45.5,-9.92,1.03,107.28,1,89.4,26.82,0,0,0,0,0,0,0,0,0,0,89.4,0,0,0,0
5406,89.15,45.5,45.5,-9.92,1.03,107.28,1,89.4,26.82,0,0,0,0,0,0,0,0,0,0,89.4,0,0,0,0
5415,121.66,-13.54,62.1,-13.54,1,146.4,1,122,36.6,0,0,0,0,0,0,0,0,0,0,122,0,0,0,0
5416,121.66,-13.54,62.1,-13.54,1,146.4,1,122,36.6,0,0,0,0,0,0,0,0,0,0,122,0,0,0,0
5417,121.66,-13.54,62.1,-13.54,1,146.4,1,122,36.6,0,0,0,0,0,0,0,0,0,0,122,0,0,0,0
5418,118.47,-13.19,60.47,-13.19,1,142.56,1,118.8,35.64,0,0,0,0,0,0,0,0,0,0,118.8,0,0,0,0
5419,118.47,-13.19,60.47,-13.19,1,142.56,1,118.8,35.64,0,0,0,0,0,0,0,0,0,0,118.8,0,0,0,0
5423,12.37,-1.38,6.31,-1.38,1,14.88,1,12.4,3.72,0,0,0,0,0,0,0,0,0,0,12.4,0,0,0,0
5424,0,0,1.63,-0.36,1,3.84,0,3.2,0.96,0,0,0,0,0,0,0,0,0,0,3.2,0,0,0,0
5444,0,0,147.1,-32.08,1.01,346.8,0,289,86.7,0,0,0,0,0,0,0,0,0,0,289,0,0,0,0
5444,0,0,147.1,-32.08,1.01,346.8,0,289,86.7,0,0,0,0,0,0,0,0,0,0,289,0,0,0,0
5444,0,0,147.1,-32.08,1.01,346.8,0,289,86.7,0,0,0,0,0,0,0,0,0,0,289,0,0,0,0
5444,288.2,9.19,147.1,-32.08,1.01,346.8,1,289,86.7,0,0,0,0,0,0,0,0,0,0,289,0,0,0,0
5444,288.2,9.19,147.1,-32.08,1.01,346.8,1,289,86.7,0,0,0,0,0,0,0,0,0,0,289,0,0,0,0
5444,0,0,147.1,-32.08,1.01,346.8,0,289,86.7,0,0,0,0,0,0,0,0,0,0,289,0,0,0,0
5444,140.91,9.19,71.92,-15.68,1.01,169.56,1,141.3,42.39,0,0,0,0,0,0,0,0,0,0,141.3,0,0,0,0
5444,140.91,9.19,71.92,-15.68,1.01,169.56,1,141.3,42.39,0,0,0,0,0,0,0,0,0,0,141.3,0,0,0,0
6006,212.41,67.91,108.42,-23.64,1.04,255.6,1,213,63.9,0,0,0,0,0,0,0,0,0,0,213,0,0,0,0
6007,0,0,216.83,-47.29,1.04,511.2,0,426,127.8,0,0,0,0,0,0,0,0,0,0,426,0,0,0,0
6008,197.78,59.65,100.95,-22.01,1.04,238,1,198.33,59.5,0,0,0,0,0,0,0,0,0,0,198.33,0,0,0,0
6009,197.78,37.33,100.95,-22.01,1.04,238,1,198.33,59.5,0,0,0,0,0,0,0,0,0,0,198.33,0,0,0,0
6010,197.78,50.24,100.95,-22.01,1.04,238,1,198.33,59.5,0,0,0,0,0,0,0,0,0,0,198.33,0,0,0,0
6041,0,20.48,20.48,-0.88,1.04,21.6,1,0,0,0,0,0,0,0,0,0,0,0,0,18,0,0,0,0
6042,0,47.53,122.91,-5.29,1.04,129.6,1,0,0,0,0,0,0,0,0,0,0,0,0,108,0,0,0,0
6048,0,0,1.73,-0.38,1.04,4.08,0,3.4,1.02,0,0,0,0,0,0,0,0,0,0,3.4,0,0,0,0
6049,0,0,4.89,-1.07,1.04,11.52,0,9.6,2.88,0,0,0,0,0,0,0,0,0,0,9.6,0,0,0,0
6050,0,0,2.24,-0.49,1.04,5.28,0,4.4,1.32,0,0,0,0,0,0,0,0,0,0,4.4,0,0,0,0
6051,57.24,29.22,29.22,-6.37,1.04,68.88,1,57.4,17.22,0,0,0,0,0,0,0,0,0,0,57.4,0,0,0,0
6052,0,0,29.22,-6.37,1.04,68.88,0,57.4,17.22,0,0,0,0,0,0,0,0,0,0,57.4,0,0,0,0
6053,57.24,29.22,29.22,-6.37,1.04,68.88,1,57.4,17.22,0,0,0,0,0,0,0,0,0,0,57.4,0,0,0,0
6054,57.24,26.14,29.22,-6.37,1.04,68.88,1,57.4,17.22,0,0,0,0,0,0,0,0,0,0,57.4,0,0,0,0
6069,123.82,30.75,92.32,-20.13,1.03,217.64,1,181.37,54.41,0,0,0,0,0,0,0,0,0,0,181.37,0,0,0,0
6070,131.29,13.73,92.32,-20.13,1.03,217.64,1,181.37,54.41,0,0,0,0,0,0,0,0,0,0,181.37,0,0,0,0
6071,105.9,39.69,92.32,-20.13,1.03,217.64,1,181.37,54.41,0,0,0,0,0,0,0,0,0,0,181.37,0,0,0,0
6072,0,0,92.32,-20.13,1.03,217.64,0,181.37,54.41,0,0,0,0,0,0,0,0,0,0,181.37,0,0,0,0
6073,131.29,23.42,92.32,-20.13,1.03,217.64,1,181.37,54.41,0,0,0,0,0,0,0,0,0,0,181.37,0,0,0,0
6074,131.29,22.78,92.32,-20.13,1.03,217.64,1,181.37,54.41,0,0,0,0,0,0,0,0,0,0,181.37,0,0,0,0
6078,477.31,-68.73,262.51,-68.73,1,676,1,563.33,169,0,0,0,0,0,0,0,0,0,0,563.33,0,0,0,0
6079,328.93,-68.73,262.51,-68.73,1,676,1,563.33,169,0,0,0,0,0,0,0,0,0,0,563.33,0,0,0,0
6080,328.93,-68.73,262.51,-68.73,1,676,1,563.33,169,0,0,0,0,0,0,0,0,0,0,563.33,0,0,0,0
6082,41.37,13.85,25.04,-1.08,1.04,26.4,1,41.37,41.37,0,0,0,0,0,0,0,0,0,0,22,0,0,0,0
6083,65.3,10.38,25.04,-1.08,1.04,26.4,1,65.3,65.3,0,0,0,0,0,0,0,0,0,0,22,0,0,0,0
6085,1.05,0,0,0,1.04,1.68,1,1.05,1.05,0,0,0,0,0,0,0,0,0,0,1.4,0,0,0,0
6086,22.5,0,0,0,1.04,36,1,22.5,22.5,0,0,0,0,0,0,0,0,0,0,30,0,0,0,0
6087,0,0,0,0,1.04,6.6,0,5.5,1.65,0,0,0,0,0,0,0,0,0,0,5.5,0,0,0,0
6088,7.95,0,0,0,1.04,12.72,1,7.95,7.95,0,0,0,0,0,0,0,0,0,0,10.6,0,0,0,0
6089,10.42,0,0,0,1.04,16.68,1,10.42,10.42,0,0,0,0,0,0,0,0,0,0,13.9,0,0,0,0
6090,30.52,0,0,0,1.04,48.84,1,30.52,30.52,0,0,0,0,0,0,0,0,0,0,40.7,0,0,0,0
6104,60.33,30.79,30.79,-6.72,1.04,72.6,1,60.5,18.15,0,0,0,0,0,0,0,0,0,0,60.5,0,0,0,0
6105,60.33,30.79,30.79,-6.72,1.04,72.6,1,60.5,18.15,0,0,0,0,0,0,0,0,0,0,60.5,0,0,0,0
6106,120.66,61.59,61.59,-13.43,1.04,145.2,1,121,36.3,0,0,0,0,0,0,0,0,0,0,121,0,0,0,0
6110,301.19,88.04,275.22,-72.05,1.04,708.72,1,590.6,177.18,0,0,0,0,0,0,0,0,0,0,590.6,0,0,0,0
6111,293.64,88.94,308.26,-80.7,1.04,793.8,1,661.5,198.45,0,0,0,0,0,0,0,0,0,0,661.5,0,0,0,0
6144,0,0,4.28,-0.93,1.03,10.08,0,8.4,2.52,0,0,0,0,0,0,0,0,0,0,8.4,0,0,0,0
6145,322.86,26.17,227.01,-49.51,1.03,535.2,1,446,133.8,0,0,0,0,0,0,0,0,0,0,446,0,0,0,0
6146,322.86,27.07,227.01,-49.51,1.03,535.2,1,446,133.8,0,0,0,0,0,0,0,0,0,0,446,0,0,0,0
6147,283.24,28.49,474.39,-103.45,1.03,1118.4,1,932,279.6,0,0,0,0,0,0,0,0,0,0,932,0,0,0,0
6148,0,0,367.5,-80.14,1.03,866.4,0,722,216.6,0,0,0,0,0,0,0,0,0,0,722,0,0,0,0
6149,219.42,83.11,367.5,-80.14,1.03,866.4,1,722,216.6,0,0,0,0,0,0,0,0,0,0,722,0,0,0,0
6164,71.44,26.96,119.64,-26.09,1.03,282.06,1,235.05,70.52,0,0,0,0,0,0,0,0,0,0,235.05,0,0,0,0
6165,71.44,23.81,119.64,-26.09,1.03,282.06,1,235.05,70.52,0,0,0,0,0,0,0,0,0,0,235.05,0,0,0,0
6166,71.44,57.82,119.64,-26.09,1.03,282.06,1,235.05,70.52,0,0,0,0,0,0,0,0,0,0,235.05,0,0,0,0
6167,71.44,30.77,119.64,-26.09,1.03,282.06,1,235.05,70.52,0,0,0,0,0,0,0,0,0,0,235.05,0,0,0,0
6213,177.9,16.01,68.29,-2.94,1.04,72,1,177.9,177.9,0,0,0,0,0,0,0,0,0,0,60,0,0,0,0
6214,552.3,49.93,212.06,-9.13,1.04,223.6,1,552.3,552.3,0,0,0,0,0,0,0,0,0,0,186.33,0,0,0,0
6215,552.3,78.32,212.06,-9.13,1.04,223.6,1,552.3,552.3,0,0,0,0,0,0,0,0,0,0,186.33,0,0,0,0
6216,552.3,49.18,212.06,-9.13,1.04,223.6,1,552.3,552.3,0,0,0,0,0,0,0,0,0,0,186.33,0,0,0,0
6242,60.83,15.71,31.05,-6.77,1.04,73.2,1,61,18.3,0,0,0,0,0,0,0,0,0,0,61,0,0,0,0
6243,182.49,38.29,93.15,-20.31,1.04,219.6,1,183,54.9,0,0,0,0,0,0,0,0,0,0,183,0,0,0,0
6244,297.17,46.74,151.68,-33.08,1.04,357.6,1,298,89.4,0,0,0,0,0,0,0,0,0,0,298,0,0,0,0
6245,297.17,53.69,151.68,-33.08,1.04,357.6,1,298,89.4,0,0,0,0,0,0,0,0,0,0,298,0,0,0,0
6246,297.17,100.5,151.68,-33.08,1.04,357.6,1,298,89.4,0,0,0,0,0,0,0,0,0,0,298,0,0,0,0
6247,182.82,82.2,93.32,-20.35,1.04,220,1,183.33,55,0,0,0,0,0,0,0,0,0,0,183.33,0,0,0,0
6248,182.82,42.38,93.32,-20.35,1.04,220,1,183.33,55,0,0,0,0,0,0,0,0,0,0,183.33,0,0,0,0
6249,182.82,29.31,93.32,-20.35,1.04,220,1,183.33,55,0,0,0,0,0,0,0,0,0,0,183.33,0,0,0,0
6257,58.96,-21.53,98.75,-21.53,1.02,232.8,1,194,58.2,0,0,0,0,0,0,0,0,0,0,194,0,0,0,0
6258,106.96,-12.72,98.75,-21.53,1.02,232.8,1,194,58.2,0,0,0,0,0,0,0,0,0,0,194,0,0,0,0
6259,0,0,26.16,-5.71,1.02,61.68,0,51.4,15.42,0,0,0,0,0,0,0,0,0,0,51.4,0,0,0,0
6260,78.1,-26.56,130.81,-28.53,1.02,308.4,1,257,77.1,0,0,0,0,0,0,0,0,0,0,257,0,0,0,0
6266,4.5,1.72,1.72,-0.07,1.04,1.8,1,4.5,4.5,0,0,0,0,0,0,0,0,0,0,1.5,0,0,0,0
6267,7.2,2.73,2.73,-0.12,1.04,2.88,1,7.2,7.2,0,0,0,0,0,0,0,0,0,0,2.4,0,0,0,0
6268,4.5,1.72,1.72,-0.07,1.04,1.8,1,4.5,4.5,0,0,0,0,0,0,0,0,0,0,1.5,0,0,0,0
6269,7.2,2.73,2.73,-0.12,1.04,2.88,1,7.2,7.2,0,0,0,0,0,0,0,0,0,0,2.4,0,0,0,0
6270,0,0,6.82,-0.29,1.04,7.2,0,18,0,0,0,0,0,0,0,0,0,0,0,6,0,0,0,0
6271,0,0,4.09,-0.18,1.04,4.32,0,11,0,0,0,0,0,0,0,0,0,0,0,3.6,0,0,0,0
6272,0,0,2.73,-0.12,1.04,2.88,0,7.2,0,0,0,0,0,0,0,0,0,0,0,2.4,0,0,0,0
6273,0,0,2.73,-0.12,1.04,2.88,0,7.2,0,0,0,0,0,0,0,0,0,0,0,2.4,0,0,0,0
6274,8.4,3.2,3.2,-0.14,1.04,3.36,1,8.4,8.4,0,0,0,0,0,0,0,0,0,0,2.8,0,0,0,0
6295,62.67,-22.89,104.97,-22.89,1.02,247.48,1,206.23,61.87,0,0,0,0,0,0,0,0,0,0,206.23,0,0,0,0
6296,62.67,-22.89,104.97,-22.89,1.02,247.48,1,206.23,61.87,0,0,0,0,0,0,0,0,0,0,206.23,0,0,0,0
6297,62.7,-22.23,104.97,-22.89,1.02,247.48,1,206.23,61.9,0,0,0,0,0,0,0,0,0,0,206.23,0,0,0,0
6301,0,0,1.63,-0.36,1,3.84,0,3.2,0.96,0,0,0,0,0,0,0,0,0,0,3.2,0,0,0,0
6302,246.56,-27.44,125.85,-27.44,1,296.7,1,247.25,74.18,0,0,0,0,0,0,0,0,0,0,247.25,0,0,0,0
6303,213.83,-27.44,125.85,-27.44,1,296.7,1,247.25,74.18,0,0,0,0,0,0,0,0,0,0,247.25,0,0,0,0
6304,246.56,-27.44,125.85,-27.44,1,296.7,1,247.25,74.18,0,0,0,0,0,0,0,0,0,0,247.25,0,0,0,0
6305,246.56,-27.44,125.85,-27.44,1,296.7,1,247.25,74.18,0,0,0,0,0,0,0,0,0,0,247.25,0,0,0,0
6349,0,0,6.11,-1.33,1.04,14.4,0,12,3.6,0,0,0,0,0,0,0,0,0,0,12,0,0,0,0
6349,0,0,26.21,-5.72,1.04,61.8,0,51.5,15.45,0,0,0,0,0,0,0,0,0,0,51.5,0,0,0,0
6349,31.3,52.43,52.43,-11.43,1.04,123.6,1,103,30.9,0,0,0,0,0,0,0,0,0,0,103,0,0,0,0
6349,0,0,1.17,-0.26,1.04,2.76,0,2.3,0.69,0,0,0,0,0,0,0,0,0,0,2.3,0,0,0,0
6349,0,0,2.34,-0.51,1.04,5.52,0,4.6,1.38,0,0,0,0,0,0,0,0,0,0,4.6,0,0,0,0
6349,0,0,0.76,-0.17,1.04,1.8,0,1.5,0.45,0,0,0,0,0,0,0,0,0,0,1.5,0,0,0,0
6349,0,0,2.04,-0.44,1.04,4.8,0,4,1.2,0,0,0,0,0,0,0,0,0,0,4,0,0,0,0
6349,0,0,3.26,-0.71,1.04,7.68,0,6.4,1.92,0,0,0,0,0,0,0,0,0,0,6.4,0,0,0,0
6349,110.32,184.77,184.77,-40.29,1.04,435.6,1,363,108.9,0,0,0,0,0,0,0,0,0,0,363,0,0,0,0
6349,110.32,184.77,184.77,-40.29,1.04,435.6,1,363,108.9,0,0,0,0,0,0,0,0,0,0,363,0,0,0,0
6349,0,0,26.21,-5.72,1.04,61.8,0,51.5,15.45,0,0,0,0,0,0,0,0,0,0,51.5,0,0,0,0
7005,162.55,35.32,82.97,-18.09,1.04,195.6,1,163,48.9,0,0,0,0,0,0,0,0,0,0,163,0,0,0,0
7006,162.55,61.84,82.97,-18.09,1.04,195.6,1,163,48.9,0,0,0,0,0,0,0,0,0,0,163,0,0,0,0
7007,162.55,40.83,82.97,-18.09,1.04,195.6,1,163,48.9,0,0,0,0,0,0,0,0,0,0,163,0,0,0,0
7008,162.55,38.29,82.97,-18.09,1.04,195.6,1,163,48.9,0,0,0,0,0,0,0,0,0,0,163,0,0,0,0
7009,162.55,34.73,82.97,-18.09,1.04,195.6,1,163,48.9,0,0,0,0,0,0,0,0,0,0,163,0,0,0,0
7015,0,0,2.04,-0.44,1.04,4.8,0,4,1.2,0,0,0,0,0,0,0,0,0,0,4,0,0,0,0
7021,22.34,11.4,11.4,-2.49,1.04,26.88,1,22.4,6.72,0,0,0,0,0,0,0,0,0,0,22.4,0,0,0,0
7022,47.27,24.13,24.13,-5.26,1.04,56.88,1,47.4,14.22,0,0,0,0,0,0,0,0,0,0,47.4,0,0,0,0
7023,47.27,24.13,24.13,-5.26,1.04,56.88,1,47.4,14.22,0,0,0,0,0,0,0,0,0,0,47.4,0,0,0,0
7024,94.54,48.25,48.25,-10.52,1.04,113.76,1,94.8,28.44,0,0,0,0,0,0,0,0,0,0,94.8,0,0,0,0
7025,0,0,1.63,-0.36,1.04,3.84,0,3.2,0.96,0,0,0,0,0,0,0,0,0,0,3.2,0,0,0,0
7031,29.1,0,0,0,1.04,46.56,1,29.1,29.1,0,0,0,0,0,0,0,0,0,0,38.8,0,0,0,0
7032,7.5,0,0,0,1.04,12,1,7.5,7.5,0,0,0,0,0,0,0,0,0,0,10,0,0,0,0
7033,7.5,0,0,0,1.04,12,1,7.5,7.5,0,0,0,0,0,0,0,0,0,0,10,0,0,0,0
7034,0,0,0,0,1.04,5.28,0,4.4,1.32,0,0,0,0,0,0,0,0,0,0,4.4,0,0,0,0
7045,187.93,29.91,95.92,-20.92,1.03,226.14,1,188.45,56.53,0,0,0,0,0,0,0,0,0,0,188.45,0,0,0,0
7046,187.93,62.63,95.92,-20.92,1.03,226.14,1,188.45,56.53,0,0,0,0,0,0,0,0,0,0,188.45,0,0,0,0
7061,67.09,-12.75,58.48,-12.75,1,137.88,1,114.9,34.47,0,0,0,0,0,0,0,0,0,0,114.9,0,0,0,0
7062,67.09,-12.75,58.48,-12.75,1,137.88,1,114.9,34.47,0,0,0,0,0,0,0,0,0,0,114.9,0,0,0,0
7063,67.09,-12.75,58.48,-12.75,1,137.88,1,114.9,34.47,0,0,0,0,0,0,0,0,0,0,114.9,0,0,0,0
7064,83.18,-12.75,58.48,-12.75,1,137.88,1,114.9,34.47,0,0,0,0,0,0,0,0,0,0,114.9,0,0,0,0
7065,83.18,-12.75,58.48,-12.75,1,137.88,1,114.9,34.47,0,0,0,0,0,0,0,0,0,0,114.9,0,0,0,0
7066,68.11,-12.75,58.48,-12.75,1,137.88,1,114.9,34.47,0,0,0,0,0,0,0,0,0,0,114.9,0,0,0,0
7079,159.89,34.45,116.38,-25.38,1.04,274.38,1,228.65,68.59,0,0,0,0,0,0,0,0,0,0,228.65,0,0,0,0
7080,165.52,26.98,116.38,-25.38,1.04,274.38,1,228.65,68.59,0,0,0,0,0,0,0,0,0,0,228.65,0,0,0,0
7081,165.52,27.33,116.38,-25.38,1.04,274.38,1,228.65,68.59,0,0,0,0,0,0,0,0,0,0,228.65,0,0,0,0
7082,165.52,33.35,116.38,-25.38,1.04,274.38,1,228.65,68.59,0,0,0,0,0,0,0,0,0,0,228.65,0,0,0,0
7098,1236.1,192.11,498.38,-111.05,1,1625.2,1,1354.3,406.29,0,0,0,0,0,0,0,0,0,0,1354.3,0,0,0,0
7099,1350.5,-7.38,498.38,-111.05,1,1625.2,1,1354.3,406.29,0,0,0,0,0,0,0,0,0,0,1354.3,0,0,0,0
7107,149.58,76.35,76.35,-16.65,1.04,180,1,150,45,0,0,0,0,0,0,0,0,0,0,150,0,0,0,0
7108,50.86,18.53,25.96,-5.66,1.04,61.2,1,51,15.3,0,0,0,0,0,0,0,0,0,0,51,0,0,0,0
7109,50.86,22.51,25.96,-5.66,1.04,61.2,1,51,15.3,0,0,0,0,0,0,0,0,0,0,51,0,0,0,0
7110,195.46,46.37,99.76,-21.76,1.04,235.2,1,196,58.8,0,0,0,0,0,0,0,0,0,0,196,0,0,0,0
7111,195.46,45.21,99.76,-21.76,1.04,235.2,1,196,58.8,0,0,0,0,0,0,0,0,0,0,196,0,0,0,0
7112,195.46,71.76,99.76,-21.76,1.04,235.2,1,196,58.8,0,0,0,0,0,0,0,0,0,0,196,0,0,0,0
7113,195.46,38.8,99.76,-21.76,1.04,235.2,1,196,58.8,0,0,0,0,0,0,0,0,0,0,196,0,0,0,0
7114,195.46,76.15,99.76,-21.76,1.04,235.2,1,196,58.8,0,0,0,0,0,0,0,0,0,0,196,0,0,0,0
7115,195.46,76.51,99.76,-21.76,1.04,235.2,1,196,58.8,0,0,0,0,0,0,0,0,0,0,196,0,0,0,0
7121,0,0,1.88,-0.41,1.04,4.44,0,3.7,1.11,0,0,0,0,0,0,0,0,0,0,3.7,0,0,0,0
7122,0,0,2.19,-0.48,1.04,5.16,0,4.3,1.29,0,0,0,0,0,0,0,0,0,0,4.3,0,0,0,0
7133,16.25,-1.81,8.3,-1.81,1,19.56,1,16.3,4.89,0,0,0,0,0,0,0,0,0,0,16.3,0,0,0,0
7134,205.98,-22.93,105.13,-22.93,1,247.86,1,206.55,61.97,0,0,0,0,0,0,0,0,0,0,206.55,0,0,0,0
7135,205.98,-22.93,105.13,-22.93,1,247.86,1,206.55,61.97,0,0,0,0,0,0,0,0,0,0,206.55,0,0,0,0
7136,205.98,-22.93,105.13,-22.93,1,247.86,1,206.55,61.97,0,0,0,0,0,0,0,0,0,0,206.55,0,0,0,0
7137,205.98,-22.93,105.13,-22.93,1,247.86,1,206.55,61.97,0,0,0,0,0,0,0,0,0,0,206.55,0,0,0,0
7138,379.64,-42.26,193.78,-42.26,1,456.84,1,380.7,114.21,0,0,0,0,0,0,0,0,0,0,380.7,0,0,0,0
7139,58.84,-6.55,30.03,-6.55,1,70.8,1,59,17.7,0,0,0,0,0,0,0,0,0,0,59,0,0,0,0
7140,58.84,-6.55,30.03,-6.55,1,70.8,1,59,17.7,0,0,0,0,0,0,0,0,0,0,59,0,0,0,0
7141,58.84,-6.55,30.03,-6.55,1,70.8,1,59,17.7,0,0,0,0,0,0,0,0,0,0,59,0,0,0,0
7142,58.84,-6.55,30.03,-6.55,1,70.8,1,59,17.7,0,0,0,0,0,0,0,0,0,0,59,0,0,0,0
7146,10.17,-1.13,5.19,-1.13,1.01,12.24,1,10.2,3.06,0,0,0,0,0,0,0,0,0,0,10.2,0,0,0,0
7162,110.29,56.3,56.3,-12.28,1.04,132.72,1,110.6,33.18,0,0,0,0,0,0,0,0,0,0,110.6,0,0,0,0
7163,110.29,52.72,56.3,-12.28,1.04,132.72,1,110.6,33.18,0,0,0,0,0,0,0,0,0,0,110.6,0,0,0,0
7164,110.29,56.3,56.3,-12.28,1.04,132.72,1,110.6,33.18,0,0,0,0,0,0,0,0,0,0,110.6,0,0,0,0
7165,110.29,56.3,56.3,-12.28,1.04,132.72,1,110.6,33.18,0,0,0,0,0,0,0,0,0,0,110.6,0,0,0,0
7166,110.29,45.19,56.3,-12.28,1.04,132.72,1,110.6,33.18,0,0,0,0,0,0,0,0,0,0,110.6,0,0,0,0
7167,110.29,37.63,56.3,-12.28,1.04,132.72,1,110.6,33.2,0,0,0,0,0,0,0,0,0,0,110.6,0,0,0,0
7168,87.48,44.65,44.65,-9.74,1.04,105.26,1,87.72,26.32,0,0,0,0,0,0,0,0,0,0,87.72,0,0,0,0
7169,87.48,44.65,44.65,-9.74,1.04,105.26,1,87.72,26.3,0,0,0,0,0,0,0,0,0,0,87.72,0,0,0,0
7170,333.76,107.98,178.59,-38.95,1.04,421.04,1,350.87,105.26,0,0,0,0,0,0,0,0,0,0,350.87,0,0,0,0
7189,6.88,3.51,3.51,-0.77,1.03,8.28,1,6.9,2.07,0,0,0,0,0,0,0,0,0,0,6.9,0,0,0,0
7190,47.87,12.12,24.43,-5.33,1.03,57.6,1,48,14.4,0,0,0,0,0,0,0,0,0,0,48,0,0,0,0
7191,0,0,2.55,-0.55,1.03,6,0,5,1.5,0,0,0,0,0,0,0,0,0,0,5,0,0,0,0
7192,34.9,17.19,17.81,-3.88,1.03,42,1,35,10.5,0,0,0,0,0,0,0,0,0,0,35,0,0,0,0
7193,7.48,3.82,3.82,-0.83,1.03,9,1,7.5,2.25,0,0,0,0,0,0,0,0,0,0,7.5,0,0,0,0
7194,230.31,43.09,117.55,-25.64,1.03,277.14,1,230.95,69.28,0,0,0,0,0,0,0,0,0,0,230.95,0,0,0,0
7195,230.31,37.11,117.55,-25.64,1.03,277.14,1,230.95,69.28,0,0,0,0,0,0,0,0,0,0,230.95,0,0,0,0
7196,230.31,67.13,117.55,-25.64,1.03,277.14,1,230.95,69.28,0,0,0,0,0,0,0,0,0,0,230.95,0,0,0,0
7197,230.31,104.23,117.55,-25.64,1.03,277.14,1,230.95,69.28,0,0,0,0,0,0,0,0,0,0,230.95,0,0,0,0
7207,0,0,2.04,-0.44,1.04,4.8,0,4,1.2,0,0,0,0,0,0,0,0,0,0,4,0,0,0,0
7208,762.88,79.03,389.39,-84.92,1.04,918,1,765,229.5,0,0,0,0,0,0,0,0,0,0,765,0,0,0,0
7209,762.88,102.56,389.39,-84.92,1.04,918,1,765,229.5,0,0,0,0,0,0,0,0,0,0,765,0,0,0,0
7210,178.01,26.74,90.86,-19.81,1.04,214.2,1,178.5,53.55,0,0,0,0,0,0,0,0,0,0,178.5,0,0,0,0
7211,178.01,37.53,90.86,-19.81,1.04,214.2,1,178.5,53.55,0,0,0,0,0,0,0,0,0,0,178.5,0,0,0,0
7212,178.01,24.45,90.86,-19.81,1.04,214.2,1,178.5,53.55,0,0,0,0,0,0,0,0,0,0,178.5,0,0,0,0
7266,303.76,-33.81,155.04,-33.81,1.01,365.52,1,304.6,91.38,0,0,0,0,0,0,0,0,0,0,304.6,0,0,0,0
7267,90.39,-10.06,46.14,-10.06,1.01,108.77,1,90.64,27.19,0,0,0,0,0,0,0,0,0,0,90.64,0,0,0,0
7268,90.39,-10.06,46.14,-10.06,1.01,108.77,1,90.64,27.19,0,0,0,0,0,0,0,0,0,0,90.64,0,0,0,0
7269,90.39,-10.06,46.14,-10.06,1.01,108.77,1,90.64,27.19,0,0,0,0,0,0,0,0,0,0,90.64,0,0,0,0
7270,180.78,-20.12,92.27,-20.12,1.01,217.54,1,181.28,54.38,0,0,0,0,0,0,0,0,0,0,181.28,0,0,0,0
7280,0,0,13.08,-2.85,1.04,30.84,0,25.7,7.71,0,0,0,0,0,0,0,0,0,0,25.7,0,0,0,0
7281,0,0,7.64,-1.67,1.04,18,0,15,4.5,0,0,0,0,0,0,0,0,0,0,15,0,0,0,0
7284,0,0,0,0,1.04,9,0,7.5,2.25,0,0,0,0,0,0,0,0,0,0,7.5,0,0,0,0
7285,21.22,0,0,0,1.04,33.96,1,21.22,21.22,0,0,0,0,0,0,0,0,0,0,28.3,0,0,0,0
7286,21.22,0,0,0,1.04,33.96,1,21.22,21.22,0,0,0,0,0,0,0,0,0,0,28.3,0,0,0,0
7287,21.22,0,0,0,1.04,33.96,1,21.22,21.22,0,0,0,0,0,0,0,0,0,0,28.3,0,0,0,0
7288,21.22,0,0,0,1.04,33.96,1,21.22,21.22,0,0,0,0,0,0,0,0,0,0,28.3,0,0,0,0
7289,42.45,0,0,0,1.04,67.92,1,42.45,42.45,0,0,0,0,0,0,0,0,0,0,56.6,0,0,0,0
7307,96.41,49.21,49.21,-10.73,1.04,116.02,1,96.68,29,0,0,0,0,0,0,0,0,0,0,96.68,0,0,0,0
7308,96.41,49.21,49.21,-10.73,1.04,116.02,1,96.68,29,0,0,0,0,0,0,0,0,0,0,96.68,0,0,0,0
7309,0,0,49.21,-10.73,1.04,116.02,0,96.68,29,0,0,0,0,0,0,0,0,0,0,96.68,0,0,0,0
7310,96.41,47.43,49.21,-10.73,1.04,116.02,1,96.68,29,0,0,0,0,0,0,0,0,0,0,96.68,0,0,0,0
7311,192.83,98.42,98.42,-21.46,1.04,232.04,1,193.37,58.01,0,0,0,0,0,0,0,0,0,0,193.37,0,0,0,0
7323,37.83,-13.82,63.36,-13.82,1.02,149.37,1,124.48,37.34,0,0,0,0,0,0,0,0,0,0,124.47,0,0,0,0
7324,37.83,-13.82,63.36,-13.82,1.02,149.37,1,124.48,37.34,0,0,0,0,0,0,0,0,0,0,124.47,0,0,0,0
7325,37.83,-13.82,63.36,-13.82,1.02,149.37,1,124.48,37.34,0,0,0,0,0,0,0,0,0,0,124.47,0,0,0,0
7326,37.83,-13.82,63.36,-13.82,1.02,149.37,1,124.48,37.34,0,0,0,0,0,0,0,0,0,0,124.47,0,0,0,0
7329,30.97,38.19,51.87,-11.31,1.04,122.28,1,101.9,30.57,0,0,0,0,0,0,0,0,0,0,101.9,0,0,0,0
7334,0,0,2.19,-0.57,1.04,5.64,0,4.7,1.41,0,0,0,0,0,0,0,0,0,0,4.7,0,0,0,0
7335,137.82,140.29,211.33,-55.33,1.04,544.2,1,453.5,136.05,0,0,0,0,0,0,0,0,0,0,453.5,0,0,0,0
7349,312.96,130.17,159.74,-34.83,1.04,376.59,1,313.83,94.15,0,0,0,0,0,0,0,0,0,0,313.83,0,0,0,0
7350,312.96,56.24,159.74,-34.83,1.04,376.59,1,313.83,94.15,0,0,0,0,0,0,0,0,0,0,313.83,0,0,0,0
7351,312.96,44.34,159.74,-34.83,1.04,376.59,1,313.83,94.15,0,0,0,0,0,0,0,0,0,0,313.83,0,0,0,0
7352,312.96,46.01,159.74,-34.83,1.04,376.59,1,313.83,94.15,0,0,0,0,0,0,0,0,0,0,313.83,0,0,0,0
7353,594.86,72.18,348.26,-75.95,1.04,821.04,1,684.2,205.26,0,0,0,0,0,0,0,0,0,0,684.2,0,0,0,0
7354,591.08,116.42,348.26,-75.95,1.04,821.04,1,684.2,205.26,0,0,0,0,0,0,0,0,0,0,684.2,0,0,0,0
7355,591.08,115.58,348.26,-75.95,1.04,821.04,1,684.2,205.26,0,0,0,0,0,0,0,0,0,0,684.2,0,0,0,0
7356,591.03,120.29,348.26,-75.95,1.04,821.04,1,684.2,205,0,0,0,0,0,0,0,0,0,0,684.2,0,0,0,0
7357,16.25,8.3,8.3,-1.81,1.04,19.56,1,16.3,4.89,0,0,0,0,0,0,0,0,0,0,16.3,0,0,0,0
7358,224.58,36.74,114.63,-25,1.04,270.24,1,225.2,67.56,0,0,0,0,0,0,0,0,0,0,225.2,0,0,0,0
7359,224.58,80.96,114.63,-25,1.04,270.24,1,225.2,67.56,0,0,0,0,0,0,0,0,0,0,225.2,0,0,0,0
7360,224.58,49.54,114.63,-25,1.04,270.24,1,225.2,67.56,0,0,0,0,0,0,0,0,0,0,225.2,0,0,0,0
7361,102.42,30.29,52.27,-11.4,1.04,123.24,1,102.7,30.81,0,0,0,0,0,0,0,0,0,0,102.7,0,0,0,0
7369,106.97,30.15,54.6,-11.91,1.04,128.72,1,107.27,32.18,0,0,0,0,0,0,0,0,0,0,107.27,0,0,0,0
7370,106.97,24.26,54.6,-11.91,1.04,128.72,1,107.27,32.18,0,0,0,0,0,0,0,0,0,0,107.27,0,0,0,0
7371,106.97,29.01,54.6,-11.91,1.04,128.72,1,107.27,32.18,0,0,0,0,0,0,0,0,0,0,107.27,0,0,0,0
7372,106.97,30.97,54.6,-11.91,1.04,128.72,1,107.27,32.18,0,0,0,0,0,0,0,0,0,0,107.27,0,0,0,0
7373,106.97,54.6,54.6,-11.91,1.04,128.72,1,107.27,32.18,0,0,0,0,0,0,0,0,0,0,107.27,0,0,0,0
7374,106.97,38.05,54.6,-11.91,1.04,128.72,1,107.27,32.18,0,0,0,0,0,0,0,0,0,0,107.27,0,0,0,0
7375,183.15,37.31,93.48,-20.39,1.04,220.39,1,183.66,55.1,0,0,0,0,0,0,0,0,0,0,183.66,0,0,0,0
7376,183.15,40.5,93.48,-20.39,1.04,220.39,1,183.66,55.1,0,0,0,0,0,0,0,0,0,0,183.66,0,0,0,0
7377,183.15,51.52,93.48,-20.39,1.04,220.39,1,183.66,55.1,0,0,0,0,0,0,0,0,0,0,183.66,0,0,0,0
7378,183.15,41.99,93.48,-20.39,1.04,220.39,1,183.66,55.1,0,0,0,0,0,0,0,0,0,0,183.66,0,0,0,0
7379,183.15,45.29,93.48,-20.39,1.04,220.39,1,183.66,55.1,0,0,0,0,0,0,0,0,0,0,183.66,0,0,0,0
7389,541.3,276.29,276.29,-60.25,1.04,651.36,1,542.8,162.84,0,0,0,0,0,0,0,0,0,0,542.8,0,0,0,0
7400,71.8,-7.99,36.65,-7.99,1,86.4,1,72,21.6,0,0,0,0,0,0,0,0,0,0,72,0,0,0,0
7400,71.8,-7.99,36.65,-7.99,1,86.4,1,72,21.6,0,0,0,0,0,0,0,0,0,0,72,0,0,0,0
7400,71.8,-7.99,36.65,-7.99,1,86.4,1,72,21.6,0,0,0,0,0,0,0,0,0,0,72,0,0,0,0
7400,71.8,-7.99,36.65,-7.99,1,86.4,1,72,21.6,0,0,0,0,0,0,0,0,0,0,72,0,0,0,0
7400,143.6,-15.98,73.3,-15.98,1,172.8,1,144,43.2,0,0,0,0,0,0,0,0,0,0,144,0,0,0,0
7400,445.16,-49.55,227.22,-49.55,1,535.68,1,446.4,133.92,0,0,0,0,0,0,0,0,0,0,446.4,0,0,0,0
7406,62.93,32.12,32.12,-7,1.04,75.72,1,63.1,18.93,0,0,0,0,0,0,0,0,0,0,63.1,0,0,0,0
7406,309.14,157.79,157.79,-34.41,1.04,372,1,310,93,0,0,0,0,0,0,0,0,0,0,310,0,0,0,0
7414,102.12,52.12,52.12,-11.37,1.03,122.88,1,102.4,30.72,0,0,0,0,0,0,0,0,0,0,102.4,0,0,0,0
7419,87.96,-3.01,44.89,-9.79,1,105.84,1,88.2,26.46,0,0,0,0,0,0,0,0,0,0,88.2,0,0,0,0
7419,87.96,-3.01,44.89,-9.79,1,105.84,1,88.2,26.46,0,0,0,0,0,0,0,0,0,0,88.2,0,0,0,0
7422,2.07,3.46,3.46,-0.75,1.04,8.16,1,6.8,2.04,0,0,0,0,0,0,0,0,0,0,6.8,0,0,0,0
7422,52.33,44.86,87.65,-19.11,1.04,206.64,1,172.2,51.66,0,0,0,0,0,0,0,0,0,0,172.2,0,0,0,0
7422,52.33,44.86,87.65,-19.11,1.04,206.64,1,172.2,51.66,0,0,0,0,0,0,0,0,0,0,172.2,0,0,0,0
7422,34.19,44.86,57.26,-12.49,1.04,135,1,112.5,33.75,0,0,0,0,0,0,0,0,0,0,112.5,0,0,0,0
7422,34.19,44.86,57.26,-12.49,1.04,135,1,112.5,33.75,0,0,0,0,0,0,0,0,0,0,112.5,0,0,0,0
7422,34.19,44.86,57.26,-12.49,1.04,135,1,112.5,33.75,0,0,0,0,0,0,0,0,0,0,112.5,0,0,0,0
7422,34.19,44.86,57.26,-12.49,1.04,135,1,112.5,33.75,0,0,0,0,0,0,0,0,0,0,112.5,0,0,0,0
7422,58.08,44.86,97.27,-21.21,1.04,229.32,1,191.1,57.33,0,0,0,0,0,0,0,0,0,0,191.1,0,0,0,0
7422,52.33,44.86,87.65,-19.11,1.04,206.64,1,172.2,51.66,0,0,0,0,0,0,0,0,0,0,172.2,0,0,0,0
7422,52.33,44.86,87.65,-19.11,1.04,206.64,1,172.2,51.66,0,0,0,0,0,0,0,0,0,0,172.2,0,0,0,0
7422,52.33,44.86,87.65,-19.11,1.04,206.64,1,172.2,51.66,0,0,0,0,0,0,0,0,0,0,172.2,0,0,0,0
7428,30.55,23.38,51.16,-11.16,1.04,120.62,1,100.52,30.16,0,0,0,0,0,0,0,0,0,0,100.52,0,0,0,0
7428,39.51,23.38,66.17,-14.43,1.04,156,1,130,39,0,0,0,0,0,0,0,0,0,0,130,0,0,0,0
7428,39.51,23.38,66.17,-14.43,1.04,156,1,130,39,0,0,0,0,0,0,0,0,0,0,130,0,0,0,0
7428,30.55,23.38,51.16,-11.16,1.04,120.62,1,100.52,30.16,0,0,0,0,0,0,0,0,0,0,100.52,0,0,0,0
7428,30.55,23.38,51.16,-11.16,1.04,120.62,1,100.52,30.16,0,0,0,0,0,0,0,0,0,0,100.52,0,0,0,0
7428,30.55,23.38,51.16,-11.16,1.04,120.62,1,100.52,30.16,0,0,0,0,0,0,0,0,0,0,100.52,0,0,0,0
7428,30.55,23.38,51.16,-11.16,1.04,120.62,1,100.52,30.16,0,0,0,0,0,0,0,0,0,0,100.52,0,0,0,0
7428,30.55,23.38,51.16,-11.16,1.04,120.62,1,100.52,30.16,0,0,0,0,0,0,0,0,0,0,100.52,0,0,0,0
7428,22.79,23.38,38.17,-8.33,1.04,90,1,75,22.5,0,0,0,0,0,0,0,0,0,0,75,0,0,0,0
7428,0,0,41.23,-8.99,1.04,97.2,0,81,24.3,0,0,0,0,0,0,0,0,0,0,81,0,0,0,0
7428,3.56,5.96,5.96,-1.3,1.04,14.04,1,11.7,3.51,0,0,0,0,0,0,0,0,0,0,11.7,0,0,0,0
8024,33,0,0,0,1.04,52.8,1,33,33,0,0,0,0,0,0,0,0,0,0,44,0,0,0,0
8033,0,0,119.58,-26.08,1.04,281.91,0,234.93,70.48,0,0,0,0,0,0,0,0,0,0,234.93,0,0,0,0
8034,0,0,119.58,-26.08,1.04,281.91,0,234.93,70.48,0,0,0,0,0,0,0,0,0,0,234.93,0,0,0,0
8035,0,0,119.58,-26.08,1.04,281.91,0,234.93,70.48,0,0,0,0,0,0,0,0,0,0,234.93,0,0,0,0
8036,0,0,119.58,-26.08,1.04,281.91,0,234.93,70.48,0,0,0,0,0,0,0,0,0,0,234.93,0,0,0,0
8046,172.19,-19.17,87.89,-19.17,1.01,207.2,1,172.67,51.8,0,0,0,0,0,0,0,0,0,0,172.67,0,0,0,0
8047,0,0,87.89,-19.17,1.01,207.2,0,172.67,51.8,0,0,0,0,0,0,0,0,0,0,172.67,0,0,0,0
8048,172.19,87.89,87.89,-19.17,1.04,207.2,1,172.67,51.8,0,0,0,0,0,0,0,0,0,0,172.67,0,0,0,0
8049,172.19,-19.17,87.89,-19.17,1.01,207.2,1,172.67,51.8,0,0,0,0,0,0,0,0,0,0,172.67,0,0,0,0
8050,0,0,87.89,-19.17,1.01,207.2,0,172.67,51.8,0,0,0,0,0,0,0,0,0,0,172.67,0,0,0,0
8051,0,0,87.89,-19.17,1.01,207.2,0,172.67,51.8,0,0,0,0,0,0,0,0,0,0,172.67,0,0,0,0
8060,0,0,276.52,-72.39,1,712.08,0,593.4,178.02,0,0,0,0,0,0,0,0,0,0,593.4,0,0,0,0
8061,0,0,276.52,-72.39,1,712.08,0,593.4,178.02,0,0,0,0,0,0,0,0,0,0,593.4,0,0,0,0
8070,0,0,431,-112.84,1,1109.9,0,924.9,277.47,0,0,0,0,0,0,0,0,0,0,924.9,0,0,0,0
8071,922.34,-94.45,431,-112.84,1,1109.9,1,924.9,277.47,0,0,0,0,0,0,0,0,0,0,924.9,0,0,0,0
8077,234.25,8.03,119.56,-26.07,1.03,281.88,1,234.9,70.47,0,0,0,0,0,0,0,0,0,0,234.9,0,0,0,0
8078,234.25,6.57,119.56,-26.07,1.03,281.88,1,234.9,70.47,0,0,0,0,0,0,0,0,0,0,234.9,0,0,0,0
8079,234.25,7.25,119.56,-26.07,1.03,281.88,1,234.9,70.47,0,0,0,0,0,0,0,0,0,0,234.9,0,0,0,0
8080,234.25,7.15,119.56,-26.07,1.03,281.88,1,234.9,70.47,0,0,0,0,0,0,0,0,0,0,234.9,0,0,0,0
8087,0,0,418.33,-109.52,1.04,1077.2,0,897.7,269.31,0,0,0,0,0,0,0,0,0,0,897.7,0,0,0,0
8088,895.21,139.83,418.33,-109.52,1.04,1077.2,1,897.7,269.31,0,0,0,0,0,0,0,0,0,0,897.7,0,0,0,0
8099,85.5,0,0,0,1.04,136.8,1,85.5,85.5,0,0,0,0,0,0,0,0,0,0,114,0,0,0,0
8115,0,0,4.66,-1.22,1.04,12,0,10,3,0,0,0,0,0,0,0,0,0,0,10,0,0,0,0
8116,0,0,163.89,-42.91,1.04,422.04,0,351.7,105.51,0,0,0,0,0,0,0,0,0,0,351.7,0,0,0,0
8117,227.52,69.52,163.89,-42.91,1.04,422.04,1,351.7,105.51,0,0,0,0,0,0,0,0,0,0,351.7,0,0,0,0
8129,658.17,-49.85,307.56,-80.52,1.03,792,1,660,198,0,0,0,0,0,0,0,0,0,0,660,0,0,0,0
8130,658.17,-8.92,307.56,-80.52,1.03,792,1,660,198,0,0,0,0,0,0,0,0,0,0,660,0,0,0,0
8131,658.17,-36.34,307.56,-80.52,1.03,792,1,660,198,0,0,0,0,0,0,0,0,0,0,660,0,0,0,0
8147,0,0,1.86,-0.49,1.03,4.8,0,4,1.2,0,0,0,0,0,0,0,0,0,0,4,0,0,0,0
8147,0,0,111.51,-29.19,1.03,287.16,0,239.3,71.79,0,0,0,0,0,0,0,0,0,0,239.3,0,0,0,0
8152,0,0,11.2,-2.44,1,26.4,0,22,6.6,0,0,0,0,0,0,0,0,0,0,22,0,0,0,0
8155,0,0,81.36,-21.3,1,209.52,0,174.6,52.38,0,0,0,0,0,0,0,0,0,0,174.6,0,0,0,0
8155,174.12,-21.3,81.36,-21.3,1,209.52,1,174.6,52.38,0,0,0,0,0,0,0,0,0,0,174.6,0,0,0,0
8158,0,0,53.44,-11.65,1,126,0,105,31.5,0,0,0,0,0,0,0,0,0,0,105,0,0,0,0
8158,0,0,49.98,-10.9,1,117.84,0,98.2,29.46,0,0,0,0,0,0,0,0,0,0,98.2,0,0,0,0
